,,,,,,,,,,,,,,,,,,,,,,,,,,,,,,,,,,,,,,,,,,,,,,,,,,,,,,,,,,,,,,,,,,,,,,,,,,,,,,,
110.70432166666666,,,,,,,,,,,,,,,,,,,,,,,,,,,,,,,,,,,,,,,,,,,,,,,,,,,,,,,,,,,,,,,,,,,,,,,,,,,,,,,
104.59598500000001,102.16613833333331,,,,,,,,,,,,,,,,,,,,,,,,,,,,,,,,,,,,,,,,,,,,,,,,,,,,,,,,,,,,,,,,,,,,,,,,,,,,,,
107.56581666666666,100.51489166666667,89.25340666666666,,,,,,,,,,,,,,,,,,,,,,,,,,,,,,,,,,,,,,,,,,,,,,,,,,,,,,,,,,,,,,,,,,,,,,,,,,,,,
103.31254333333332,97.55795333333334,87.52214000000001,80.98047833333334,,,,,,,,,,,,,,,,,,,,,,,,,,,,,,,,,,,,,,,,,,,,,,,,,,,,,,,,,,,,,,,,,,,,,,,,,,,,
109.01675166666666,106.13045666666667,92.32428000000002,89.20418666666666,88.12618666666667,,,,,,,,,,,,,,,,,,,,,,,,,,,,,,,,,,,,,,,,,,,,,,,,,,,,,,,,,,,,,,,,,,,,,,,,,,,
108.548865,105.05693,91.79759666666668,88.32421500000001,87.70294333333332,91.93707166666667,,,,,,,,,,,,,,,,,,,,,,,,,,,,,,,,,,,,,,,,,,,,,,,,,,,,,,,,,,,,,,,,,,,,,,,,,,
105.78670000000001,102.75773333333332,90.52611166666668,85.37700666666666,83.85632666666666,90.19548833333333,88.46607666666664,,,,,,,,,,,,,,,,,,,,,,,,,,,,,,,,,,,,,,,,,,,,,,,,,,,,,,,,,,,,,,,,,,,,,,,,,
103.00131666666667,99.28153833333333,87.07352499999999,83.09512833333335,81.40067,85.64662166666669,86.75762166666667,84.34287666666665,,,,,,,,,,,,,,,,,,,,,,,,,,,,,,,,,,,,,,,,,,,,,,,,,,,,,,,,,,,,,,,,,,,,,,,,
101.34716166666668,96.38989833333335,86.69611,78.87345333333334,78.28054666666665,85.5627,84.31322666666667,81.18792333333332,79.28824999999998,,,,,,,,,,,,,,,,,,,,,,,,,,,,,,,,,,,,,,,,,,,,,,,,,,,,,,,,,,,,,,,,,,,,,,,
111.56674833333331,106.12232166666666,93.63705166666666,89.64081333333333,88.57753833333334,93.39494666666667,94.43199833333334,90.63513666666665,89.12327333333333,85.38003666666667,,,,,,,,,,,,,,,,,,,,,,,,,,,,,,,,,,,,,,,,,,,,,,,,,,,,,,,,,,,,,,,,,,,,,,
108.69443333333332,104.838615,91.93386833333332,87.71388333333333,86.75160333333334,90.91645,91.04577166666667,88.76571333333335,87.38443666666666,83.78046166666667,92.795755,,,,,,,,,,,,,,,,,,,,,,,,,,,,,,,,,,,,,,,,,,,,,,,,,,,,,,,,,,,,,,,,,,,,,
106.97434999999999,104.55765833333332,95.144355,86.66380666666667,85.204305,91.61322166666666,89.81990666666667,87.54973000000001,85.81096000000001,82.38788333333333,91.44699,89.43420833333333,,,,,,,,,,,,,,,,,,,,,,,,,,,,,,,,,,,,,,,,,,,,,,,,,,,,,,,,,,,,,,,,,,,,
104.64680333333332,100.57056999999999,89.44364,83.67086833333332,80.99054166666667,89.07392,87.45589333333335,85.04835999999999,82.85173833333333,79.57680500000001,88.82672833333332,86.985245,84.452515,,,,,,,,,,,,,,,,,,,,,,,,,,,,,,,,,,,,,,,,,,,,,,,,,,,,,,,,,,,,,,,,,,,
102.10140166666666,99.06861666666667,88.26907999999999,82.52622333333335,79.48767333333333,87.93134833333333,86.46617666666667,83.53545333333332,81.71484333333332,78.26083833333334,88.09675833333334,85.82509333333334,84.72671999999999,82.41741499999999,,,,,,,,,,,,,,,,,,,,,,,,,,,,,,,,,,,,,,,,,,,,,,,,,,,,,,,,,,,,,,,,,,
109.78174166666669,105.33919833333334,92.99424166666668,88.788435,87.85063166666664,92.69899666666669,91.84457333333333,89.51327499999998,88.16815499999998,84.75763499999998,93.70572666666666,92.51203666666669,90.35478666666666,84.24689166666664,69.23898833333334,,,,,,,,,,,,,,,,,,,,,,,,,,,,,,,,,,,,,,,,,,,,,,,,,,,,,,,,,,,,,,,,,
77.15548666666669,83.98309833333334,94.02458166666669,87.20091999999998,86.10445499999999,91.69383666666668,90.16955333333331,88.027215,86.58183833333331,82.91277833333335,92.86043833333333,89.978555,88.73663499999999,85.96735833333332,72.44087166666667,65.59081333333333,,,,,,,,,,,,,,,,,,,,,,,,,,,,,,,,,,,,,,,,,,,,,,,,,,,,,,,,,,,,,,,,
73.15628666666666,77.89134666666669,89.3745433333333,86.75072833333333,84.35583999999999,90.52602833333334,89.09998166666665,87.05389333333333,85.04792499999998,81.03519499999999,90.56433333333334,88.80980499999997,87.574235,85.597475,81.82962500000002,73.12359,57.619490000000006,,,,,,,,,,,,,,,,,,,,,,,,,,,,,,,,,,,,,,,,,,,,,,,,,,,,,,,,,,,,,,,
69.484955,74.00236666666665,82.69083833333332,82.16799833333332,80.47483833333332,87.26993333333333,85.67878666666667,83.48545500000002,81.00934833333334,77.22443666666666,87.39406666666669,85.418345,84.31862333333335,81.62292166666667,71.989755,65.258225,58.264943333333356,57.082596666666674,,,,,,,,,,,,,,,,,,,,,,,,,,,,,,,,,,,,,,,,,,,,,,,,,,,,,,,,,,,,,,
69.98923833333335,74.28368666666667,83.52877833333334,83.28131500000002,79.04543,85.41487333333332,85.12166833333333,80.91775999999999,79.78727833333333,75.74219666666664,86.46677666666665,84.2033,82.95985666666667,80.48160833333334,79.33464166666668,83.87056666666666,74.9734216666667,61.66991666666669,48.280675,,,,,,,,,,,,,,,,,,,,,,,,,,,,,,,,,,,,,,,,,,,,,,,,,,,,,,,,,,,,,
161.5771216666667,227.3490766666666,224.0349216666667,223.37994666666665,223.1119683333333,219.65836000000002,150.75155833333332,135.64143333333334,135.18909833333333,132.459065,138.42363833333332,137.32596500000002,136.79418833333338,135.41974499999998,134.55139666666673,137.8516966666667,137.4077166666667,136.29265,134.36289833333336,133.47944833333332,,,,,,,,,,,,,,,,,,,,,,,,,,,,,,,,,,,,,,,,,,,,,,,,,,,,,,,,,,,,
158.38974499999998,223.83439500000003,221.46130333333335,221.13205666666667,221.15076666666664,218.38605833333332,153.2707,136.5950316666667,135.12671333333333,132.56656500000003,137.55992666666668,137.24006,136.89333333333335,135.2127616666667,134.61514833333334,138.02173833333333,137.39246999999995,136.38858833333333,134.53999333333334,133.62416666666667,60.27883833333332,,,,,,,,,,,,,,,,,,,,,,,,,,,,,,,,,,,,,,,,,,,,,,,,,,,,,,,,,,,
161.12296,226.53743666666668,222.59900333333334,222.05265833333334,221.01846666666665,224.69569333333342,167.90809499999997,135.71382000000003,133.60101,130.74804833333334,137.4686383333333,135.84803999999997,135.4870633333333,133.89849500000003,132.83398833333334,136.77253833333333,136.17316000000002,134.84448666666665,132.48715833333333,131.68229666666667,59.640681666666644,53.34990333333332,,,,,,,,,,,,,,,,,,,,,,,,,,,,,,,,,,,,,,,,,,,,,,,,,,,,,,,,,,
159.2129183333333,224.8074266666667,222.11749666666665,221.22325500000005,220.05016666666668,220.16593833333337,154.65524,134.259705,132.60541666666666,130.1652,136.23655166666668,134.98318666666665,134.48697333333337,132.95847833333335,132.1875566666667,135.71532499999995,134.98389333333333,133.199775,132.012655,131.32767166666667,59.22171666666668,58.41041166666667,52.48157833333333,,,,,,,,,,,,,,,,,,,,,,,,,,,,,,,,,,,,,,,,,,,,,,,,,,,,,,,,,
156.44862999999998,227.25860666666665,223.41090999999994,222.46541333333337,221.70421000000002,218.34331500000002,149.90987333333334,133.15785166666663,131.89528833333333,129.48282666666668,135.51051333333334,134.01824833333336,133.42818333333335,132.18517833333334,131.47719333333333,134.8366466666667,133.93148499999998,132.8487516666667,131.12014166666665,130.44648666666666,58.13013666666668,57.45167499999998,56.65329666666665,50.33354666666667,,,,,,,,,,,,,,,,,,,,,,,,,,,,,,,,,,,,,,,,,,,,,,,,,,,,,,,,
165.07492166666665,227.45219833333337,222.7537983333333,221.905335,221.90264333333326,225.49233833333332,167.58647833333336,136.593695,134.74380499999998,131.37725000000003,138.19187666666667,137.23169166666668,136.60314666666665,135.21839333333332,133.89772666666667,137.7495633333333,137.25400499999998,135.822015,133.71980333333335,132.63663666666667,60.61075166666666,59.69036166666666,59.99706166666667,59.01958666666664,58.108104999999995,,,,,,,,,,,,,,,,,,,,,,,,,,,,,,,,,,,,,,,,,,,,,,,,,,,,,,,
161.3043583333333,224.9274533333333,221.24707499999994,221.16321500000006,220.64163166666665,224.4926866666667,171.06715000000003,137.38156,135.7358033333333,132.5098033333333,138.9095683333333,137.7436833333333,136.47275000000005,136.64520166666668,135.45393666666666,138.57046333333332,137.84333333333333,136.70528166666668,134.85746666666665,133.63399500000006,60.14810833333334,59.12261166666667,58.89265666666666,58.213955,57.34035,60.692775000000005,,,,,,,,,,,,,,,,,,,,,,,,,,,,,,,,,,,,,,,,,,,,,,,,,,,,,,
159.05785666666668,226.35108333333332,223.69049333333334,222.58761833333327,221.5674116666667,224.71127666666666,162.38638666666662,134.49737333333334,132.769455,130.18299333333334,136.49920333333336,135.03686333333334,134.48705666666666,133.02696166666666,132.3814516666667,135.92385500000003,135.13243833333337,134.03221666666667,131.9822933333333,131.17925,58.92940166666667,58.21473166666668,57.451886666666674,56.811735000000006,55.83141666666666,59.153556666666674,58.38311833333333,,,,,,,,,,,,,,,,,,,,,,,,,,,,,,,,,,,,,,,,,,,,,,,,,,,,,
152.91281999999998,225.2113583333333,223.34949833333337,222.94223166666663,220.76644333333334,209.102665,143.53455333333338,131.19444,130.08382999999998,127.78791999999999,133.45664499999998,131.87431999999998,131.607045,129.78151666666665,129.6162533333333,132.84600833333332,131.57884500000003,131.28505333333337,129.61574666666664,128.7909783333333,56.66770166666665,55.56391166666667,55.26731166666667,54.276914999999995,53.795905000000005,57.081491666666665,56.545239999999986,49.44475166666667,,,,,,,,,,,,,,,,,,,,,,,,,,,,,,,,,,,,,,,,,,,,,,,,,,,,
150.50260333333335,220.18896833333338,216.6990916666667,215.26390500000002,212.34556833333335,215.65196166666672,160.67213833333335,132.93552666666668,131.95550666666668,130.07560499999997,134.75175000000002,133.63435833333335,133.46106833333337,132.31088833333334,131.61742,134.31194166666668,133.581255,132.76330166666668,131.17661666666666,130.98614333333333,56.23288,54.63415499999999,54.757226666666675,53.83853,53.062995,56.68959000000002,55.59840333333334,53.73359833333334,52.01008999999999,,,,,,,,,,,,,,,,,,,,,,,,,,,,,,,,,,,,,,,,,,,,,,,,,,,
166.0802733333333,227.92192999999995,224.2611316666666,223.71144833333338,223.63200333333336,225.31804666666667,159.64995166666668,136.601845,135.11516000000003,132.26182833333334,138.49783666666667,137.54161333333332,136.84466833333332,135.53231166666666,134.52642666666668,137.95306666666667,137.338035,136.42740833333332,134.39452333333335,133.54336333333336,60.84917500000001,59.71930999999998,59.549363333333346,58.87739166666666,57.98978499999998,61.38944166666669,60.341173333333316,58.751885,56.860711666666674,50.649316666666664,,,,,,,,,,,,,,,,,,,,,,,,,,,,,,,,,,,,,,,,,,,,,,,,,,
161.11384666666666,226.07443333333333,221.99442166666665,221.59014833333333,220.80702666666664,214.4865716666666,150.02914333333334,137.0026616666667,135.69087999999996,132.36169500000003,138.93178333333333,137.8901766666667,137.2249516666666,136.1851133333333,134.70456000000001,138.432965,137.80719999999997,136.7105,134.4916366666667,133.47616833333333,59.93257833333333,59.74673166666666,59.201780000000014,58.59263499999999,58.127419999999994,60.990323333333336,60.36387833333333,58.663301666666676,56.9587416666667,56.39297500000001,55.88512833333334,,,,,,,,,,,,,,,,,,,,,,,,,,,,,,,,,,,,,,,,,,,,,,,,,
161.18391833333334,228.595955,225.013615,224.527455,224.01397999999998,219.32131333333334,151.19972833333335,135.9557816666667,134.79086333333333,131.6506333333333,138.26668166666667,136.88425833333335,136.60975666666667,135.21225333333334,134.7763283333333,137.645655,137.25279500000005,136.12401499999999,133.84427666666664,132.811355,60.177814999999995,59.32701000000001,59.016801666666666,58.54935333333335,57.505516666666665,60.844556666666676,60.243410000000004,58.27582333333333,56.05459333333334,55.83916333333333,60.64251833333333,55.368806666666664,,,,,,,,,,,,,,,,,,,,,,,,,,,,,,,,,,,,,,,,,,,,,,,,
158.2792333333333,226.73158666666666,223.953375,223.17007333333336,222.19330000000002,219.83296166666668,151.893045,135.18965999999998,133.76864666666665,130.9514333333333,137.20355833333332,136.08413333333334,135.33876833333332,134.14155500000004,132.73112666666668,136.69117833333334,136.19073,134.76201833333334,133.04404333333335,131.83172833333336,59.62406999999999,58.79578166666666,58.76534166666667,58.01011833333334,56.839526666666664,60.23886166666667,59.51218500000002,57.67783000000001,55.43987833333334,55.10741666666666,60.22316333333333,59.56695333333333,59.74976166666667,,,,,,,,,,,,,,,,,,,,,,,,,,,,,,,,,,,,,,,,,,,,,,,
156.99079833333334,226.8048983333333,223.85208500000002,223.10160166666662,222.69190500000002,222.96276166666664,154.15521999999999,134.03932166666664,132.84625333333335,130.53183666666666,136.50474999999997,134.85162666666665,134.43184333333332,133.19298666666666,132.51770166666665,135.91830333333334,135.13580833333333,133.9788633333333,131.94804499999998,131.44818500000002,58.40768,57.74815666666667,57.10676166666667,56.424628333333345,55.499666666666684,58.68043333333333,58.077741666666675,56.55594833333334,54.098955,53.578863333333324,58.785136666666645,58.694296666666666,58.06412666666668,57.51564666666666,,,,,,,,,,,,,,,,,,,,,,,,,,,,,,,,,,,,,,,,,,,,,,
164.04707,226.81351833333335,223.5554816666667,222.34507500000007,221.66479833333332,205.0017316666667,145.241195,136.29865333333333,134.97329,131.14261666666664,138.10718666666668,137.160515,136.67432833333334,135.33207333333328,134.14354000000003,137.59259333333333,137.075335,136.00180833333334,133.07242166666668,132.87405833333332,61.50487666666667,60.48572666666667,60.32681833333332,59.637944999999974,58.881861666666666,60.829228333333326,57.85827333333334,59.25620500000001,56.694085,56.669961666666666,61.750013333333335,60.81380499999998,60.523054999999985,59.586193333333334,58.38974000000001,,,,,,,,,,,,,,,,,,,,,,,,,,,,,,,,,,,,,,,,,,,,,
155.40390166666666,218.038015,215.70026333333334,167.53191,127.28105833333335,132.66720166666667,127.80617666666666,132.42119000000002,128.93891333333335,132.501495,133.63676333333333,137.1758633333333,135.170635,135.044205,134.04443833333335,137.39175166666666,136.9914333333333,133.44107333333335,133.89083166666666,132.86326166666666,59.96987833333334,58.78772666666668,58.44781333333332,57.84119666666668,56.78867499999999,60.59945666666667,59.71469500000001,57.76134833333332,55.772966666666676,55.163195,60.23472166666665,59.85601166666666,59.66994000000001,58.80908833333332,57.14638666666667,61.32831833333332,,,,,,,,,,,,,,,,,,,,,,,,,,,,,,,,,,,,,,,,,,,,
156.96493166666667,225.34998333333337,221.88542333333336,219.02217499999998,220.2838883333333,223.16173500000005,171.77422833333333,134.96302500000002,132.28857833333333,129.50777666666664,136.15308833333333,134.58946166666664,134.02555666666666,132.0535533333333,131.72953833333332,135.39387333333335,134.7055666666667,133.517335,131.4221566666667,130.54965166666668,58.58087166666667,57.95544166666668,57.73782833333335,57.371413333333315,55.98055666666666,59.570303333333335,58.89854833333334,56.894935000000004,54.50657166666667,54.74251666666667,59.413186666666675,58.93404166666667,58.94792166666667,58.02419166666668,56.14410166666665,60.72539833333331,52.29560000000001,,,,,,,,,,,,,,,,,,,,,,,,,,,,,,,,,,,,,,,,,,,
153.58598333333336,227.57373833333332,224.31120666666664,221.7245366666667,222.51092333333335,221.30686333333335,150.41055333333335,132.13291166666664,130.93815333333333,128.75034666666662,134.65781500000003,133.12210166666665,132.66315333333336,131.27710499999998,130.8748433333333,134.06196666666668,133.18062833333335,132.16920000000002,130.77666499999998,129.81422000000003,58.105885000000015,57.40174166666667,56.610698333333325,55.77486833333334,54.65598833333332,58.47252,57.80401333333334,55.875626666666676,53.32892166666668,53.02305500000001,58.14926166666667,58.34609999999998,57.67724,56.752746666666646,54.50939,58.909955,56.06649333333332,50.16285166666667,,,,,,,,,,,,,,,,,,,,,,,,,,,,,,,,,,,,,,,,,,
154.90570833333337,223.18466500000005,219.48702999999998,218.97178,217.14166999999998,220.81287500000002,157.677095,133.8869716666667,132.75918166666668,130.63061333333334,136.11385833333333,134.24625666666668,134.30212833333337,133.05933166666665,132.56534499999998,135.42124500000003,134.454035,133.89592333333337,132.27690166666667,131.62622999999996,56.77145666666667,55.91012833333334,55.446635,54.42544833333332,53.601805000000006,57.24380666666664,56.37059833333334,54.56751166666666,52.75874499999999,52.52387,57.075059999999986,57.02262666666667,56.54728,55.55399500000001,54.17479500000001,57.90969166666667,55.74465500000001,54.711253333333325,48.670368333333336,,,,,,,,,,,,,,,,,,,,,,,,,,,,,,,,,,,,,,,,,
27.80923833333334,77.97444833333334,87.40123833333334,94.77330333333335,88.212575,94.31401166666667,92.63917333333333,90.06277999999999,85.586435,85.40747166666668,94.283845,92.33609166666668,91.02611666666668,88.89965333333333,86.56069999999998,77.370625,64.48154333333333,60.53396833333332,58.761895,57.778945,128.98715166666668,127.56897333333332,127.99157166666664,126.3973,125.68873500000004,130.68969,129.08484166666668,125.97147999999999,123.81580166666667,121.17591666666667,130.39265833333334,129.2428866666667,129.6845433333333,127.47484833333333,126.10574833333335,131.034895,128.03308833333332,125.9786566666667,125.00408333333333,123.72631000000001,,,,,,,,,,,,,,,,,,,,,,,,,,,,,,,,,,,,,,,,
62.458284999999975,21.223695,67.29197666666667,71.547725,83.10085333333333,93.88848999999999,92.30794166666665,89.95602166666666,81.88205833333333,66.43093833333334,66.20278666666668,63.95485666666667,63.251226666666675,61.40112499999999,61.119865000000004,64.54068833333332,62.66811833333335,61.11397333333333,58.420538333333326,56.986331666666665,128.53516166666668,127.40046833333334,128.01892499999997,125.81158166666665,125.055435,130.1704983333333,128.42010499999998,125.50735,122.95626333333335,120.14154000000002,129.8130166666667,128.81069666666664,128.98787000000002,127.0520316666667,125.53734499999996,131.01989500000002,127.40794666666666,125.67377333333333,124.38223833333335,123.46192166666668,62.83868000000001,,,,,,,,,,,,,,,,,,,,,,,,,,,,,,,,,,,,,,,
68.82350333333333,76.642155,15.783006666666664,87.83738333333335,84.69488000000001,90.95968333333334,89.25775666666665,87.17154166666666,85.46493666666666,80.64752166666668,91.89525166666668,89.1854,87.96338666666664,85.71,82.78852166666667,84.58354333333335,68.71163166666666,60.302225,57.37786166666666,56.39764333333334,126.50265500000002,124.92871666666669,125.46806499999997,123.83454833333337,123.41498,127.98169666666664,126.175365,123.82936499999997,121.77745500000002,118.66453833333333,127.83500333333335,126.96724833333333,126.87851166666663,124.92833666666668,123.798455,128.52365333333336,125.31589333333332,123.60978,122.7248,122.02578666666668,62.246125000000006,61.409780000000005,,,,,,,,,,,,,,,,,,,,,,,,,,,,,,,,,,,,,,
73.39230333333334,78.29592,89.48830499999998,12.200188333333335,83.15847333333335,89.40927500000001,88.11158666666667,85.90694500000001,84.10958333333333,79.91362166666667,88.93393333333333,87.83421166666666,86.45294333333335,84.37309666666667,82.74355166666666,84.83794833333334,69.19043666666668,60.518956666666675,56.465075,55.36545333333331,125.60331333333335,124.06117166666664,124.87598833333335,123.29427666666665,122.79808500000004,127.03642166666667,125.50144500000002,123.24823333333336,121.05203833333333,117.70204666666665,127.18830500000004,126.07916166666669,126.43570833333334,124.38077833333337,123.22236666666662,127.77780333333334,124.820525,123.38524666666667,122.31353499999997,121.54201500000003,61.19451000000001,60.91469333333335,59.27307166666667,,,,,,,,,,,,,,,,,,,,,,,,,,,,,,,,,,,,,
71.88913666666666,76.028905,86.67484833333334,83.58232166666666,11.980076666666665,81.6063,86.25871333333333,83.74729500000001,81.54417333333333,77.68925666666668,87.51829333333332,86.01079,84.60306166666668,81.73784500000001,80.29454833333334,86.84062666666668,83.89122833333333,68.75189666666668,57.859866666666676,53.63480666666668,124.45153,122.86593166666668,123.72190166666667,122.16715999999998,121.65692833333333,125.65642,123.59860666666667,121.99854833333336,119.88523333333333,115.92169499999999,125.83578833333335,124.58278499999997,124.68989333333333,122.94310666666665,122.18255833333336,127.00735666666668,123.24939666666668,121.87351666666669,121.02260499999998,119.88284000000002,59.304206666666666,58.635191666666664,57.10082166666666,50.387944999999995,,,,,,,,,,,,,,,,,,,,,,,,,,,,,,,,,,,,
75.121615,81.02557166666666,92.30029666666667,89.12771000000001,80.26943,11.992118333333332,78.29647666666665,89.46259333333333,87.92998666666666,85.2395,93.74971500000001,92.24449166666666,90.05984000000001,88.81002000000001,87.76363500000001,84.86111666666665,68.61717500000002,61.00003166666668,58.49804,57.71737499999999,128.87397833333338,127.54688499999996,128.16132166666668,126.21345666666666,125.44212333333331,130.49012333333334,128.72472333333332,126.09410000000001,123.51356500000001,120.62932500000002,130.40208500000003,129.27343833333333,129.503165,127.15088499999997,125.85653,131.14116499999997,128.08739833333337,125.718655,124.69576500000001,123.99600833333332,63.073375000000006,62.52015166666667,60.98389333333334,59.47627500000001,52.75720166666667,,,,,,,,,,,,,,,,,,,,,,,,,,,,,,,,,,,
74.97834499999999,80.97635333333335,92.03332166666665,86.76504166666668,87.71891166666664,85.15509666666667,11.954758333333332,70.51963833333333,75.35127666666666,78.955505,91.625335,90.11673000000002,89.04840166666668,87.66935833333334,86.31831666666666,87.56446333333334,72.41103333333332,61.91903333333333,57.86057666666669,57.163084999999995,128.142705,126.71197500000002,127.33076333333331,125.4669,125.01918833333332,129.82390333333333,128.0525233333333,125.54871333333331,122.86980166666667,120.02902833333332,129.6093883333333,128.472815,128.73757999999998,126.40343333333331,125.37747999999999,130.48080833333333,127.21341666666665,125.07504166666668,124.13556833333335,123.18352666666668,62.86998333333333,61.899146666666674,60.362248333333326,58.988951666666665,58.291033333333324,60.65141166666667,,,,,,,,,,,,,,,,,,,,,,,,,,,,,,,,,,
73.39095499999999,78.65416166666667,90.0778,86.26306666666666,83.991685,90.15229166666668,80.29108666666666,11.997961666666667,72.48681,80.47306833333332,90.18139666666666,88.28921333333334,87.393865,85.114855,83.61941833333333,88.13719833333334,73.18076166666667,62.72779999999999,55.571866666666686,55.82894333333332,126.45896,125.13056500000003,125.4154533333333,123.71024833333334,123.51754499999998,128.38188666666667,126.62498666666666,123.90150166666666,122.09856166666664,118.833035,128.14033,127.25590000000001,127.00639000000002,125.27114833333333,124.3576133333333,128.6756016666667,125.62433666666664,123.96970499999998,123.53775000000002,122.41390833333331,61.77839333333332,60.87726166666667,59.46887833333333,58.262475000000016,57.05231666666669,60.77345999999999,54.47807166666667,,,,,,,,,,,,,,,,,,,,,,,,,,,,,,,,,
72.07975333333333,75.98072166666667,84.82940833333335,84.15088000000002,81.51344833333334,88.1822,86.79384833333332,70.37601500000002,11.961358333333331,66.627005,85.65913666666667,86.49178666666666,85.33544666666666,82.74591166666667,79.90572333333333,87.52184166666665,77.81147,63.10029166666667,56.52368,54.076295,124.81045500000003,123.6797066666667,124.33724000000005,122.64595166666663,122.18702499999999,126.34795166666667,124.70758499999998,122.91076833333331,120.27628666666666,116.8037716666667,126.33477500000001,125.28205,125.29747,123.49152666666666,122.73488833333332,126.79234666666666,124.01190166666665,122.58976,121.69572166666666,120.85687999999995,60.28928000000001,59.465691666666665,57.56104166666667,56.48531833333333,55.67124499999998,59.55001499999999,58.74161,57.54953166666666,,,,,,,,,,,,,,,,,,,,,,,,,,,,,,,,
67.44634333333335,69.86162666666667,75.30266333333333,81.25189,78.43626333333333,85.699945,84.30734666666666,81.40907,72.98844166666667,11.986975000000001,73.21816833333332,83.07526666666666,82.60395333333334,79.90540666666666,78.41353000000001,77.66551833333334,64.19796500000001,56.774315,53.27688500000001,52.37715333333333,122.81110000000001,121.83674499999998,122.29339333333334,121.00426833333331,120.36188166666665,124.79752166666668,123.06544999999998,120.60769333333333,118.64158166666668,114.75760666666666,124.04686833333334,123.095985,123.39396500000002,121.49203166666666,120.68313333333332,124.79423333333335,121.93127500000003,120.40661,119.53831666666667,118.71513666666665,58.44172500000002,57.59086166666667,56.27108333333335,54.77506,53.70434166666666,57.82328666666668,57.28203,55.649105000000006,54.81117166666667,,,,,,,,,,,,,,,,,,,,,,,,,,,,,,,
76.240635,82.48208666666667,93.627665,89.68460666666667,88.57751,94.84127666666667,93.14735666666667,86.74574,89.156225,71.89011666666669,11.987850000000002,78.71287166666667,90.77562833333333,89.43366499999998,87.69570666666667,86.60315833333333,69.02241000000002,60.94195500000001,58.85132500000001,57.76799833333333,128.84244333333334,127.36833000000001,128.033675,126.06042666666669,125.32491499999999,130.37067666666664,129.17245666666668,126.38811166666669,123.34853666666667,120.67609000000004,130.50502833333334,129.43351,129.38272833333338,127.31359333333332,125.92981999999996,131.09190333333333,128.01235333333335,125.52231333333332,124.91527833333333,123.87171333333335,63.02598166666667,62.186510000000006,60.779148333333346,59.70607499999999,58.82878166666668,61.62942333333335,54.814908333333335,60.317071666666685,59.14691166666666,57.343770000000006,,,,,,,,,,,,,,,,,,,,,,,,,,,,,,
74.3901,79.29673666666666,92.49631166666667,89.85289833333333,86.55377666666666,92.41963666666665,90.96319166666666,88.86405833333332,87.30652833333333,83.89940000000001,84.77694000000001,11.978958333333335,72.61355166666667,82.47994666666666,85.81061833333334,91.74342166666666,78.56008333333337,66.18857333333335,58.40463166666666,57.07844000000001,128.18792499999998,126.97145666666665,127.40801499999999,125.68839833333331,124.90540333333335,129.99292000000003,128.48540666666665,125.45744666666666,122.75518000000001,119.74563166666667,129.7197316666667,128.67824,128.76273333333333,126.80355833333333,125.447495,130.69207333333335,127.08657166666664,125.45084666666669,124.22962166666669,123.35570666666662,62.80018166666666,62.463368333333335,60.679851666666664,59.21096833333334,58.71292666666667,60.96699999999999,61.30577000000001,60.01777666666668,58.791484999999994,56.84789166666667,56.76677499999999,,,,,,,,,,,,,,,,,,,,,,,,,,,,,
73.47241333333332,77.95687499999998,88.41894333333335,87.39620500000001,85.26205999999999,91.09643666666668,89.85411333333332,83.70728833333334,85.87947333333334,82.43823166666667,91.27871666666668,82.35405833333333,11.992738333333334,74.16768166666667,83.94659,88.01316166666668,72.45931000000002,62.245778333333355,57.30058333333333,56.45168499999998,126.86237166666666,125.47238666666667,126.06707833333331,124.24244333333331,123.61542166666663,128.354395,126.81312166666667,124.33198666666667,122.04356833333334,119.08167666666668,127.98042333333336,127.202935,127.20259166666663,125.32856333333332,124.42225166666665,129.15065333333334,125.84380166666666,124.1398366666667,123.19111000000002,122.62909833333332,61.68442166666665,61.469243333333324,59.898245,58.674424999999985,57.563423333333326,60.30609666666666,55.943048333333316,59.22205999999999,57.64882999999999,56.04997333333333,61.98539000000002,54.85139333333334,,,,,,,,,,,,,,,,,,,,,,,,,,,,
68.17238,76.93217500000002,87.531825,84.87104166666667,82.12424666666666,87.98206,87.33008000000001,79.65198833333334,82.78800333333334,79.42988999999999,88.71316999999999,86.96613833333332,78.16896166666666,11.989283333333335,66.85674166666666,81.74192000000001,78.93351166666665,65.36895666666666,56.86721166666665,55.360566666666685,125.38595666666666,124.42589833333334,124.2031933333333,123.36762999999999,122.59627166666665,126.92318000000002,125.17948500000003,123.23875666666665,120.62898499999999,117.29766333333336,126.64199833333332,125.59106333333332,125.60681833333336,123.9416183333333,122.86530333333332,127.46419333333334,124.46441666666665,123.00074833333332,121.94513166666668,121.16342666666668,60.42658499999999,59.57593000000002,58.386783333333334,57.07938333333332,55.97258,60.17419,59.248541666666654,58.08896999999998,56.503411666666665,54.436135,60.47868500000002,58.71221,51.8066,,,,,,,,,,,,,,,,,,,,,,,,,,,
71.85478666666666,74.787025,86.4633783333333,83.37959500000001,80.81802333333334,87.88160500000001,85.34175333333332,78.82124833333334,81.58013,78.29088333333333,88.10344166666665,85.69334666666668,84.656455,75.20295500000003,11.983926666666667,70.73927499999999,73.09544166666667,62.078295,54.71044833333333,51.80104833333335,124.77972166666666,123.83049166666662,124.09628666666664,122.91760666666664,121.21175666666667,125.94060666666664,124.48358499999999,122.3874,119.96681333333336,116.65097666666671,125.97747666666667,125.11981500000002,125.16767166666668,123.48485500000002,122.37880999999999,126.79070833333336,123.81985333333336,122.41216,121.41284499999999,120.83970000000001,59.33551166666668,58.87355500000002,56.95387999999999,55.85007666666666,54.62339999999999,59.107901666666685,56.66058499999999,56.32108333333335,54.662998333333334,53.464185,59.210858333333334,57.399621666666654,57.121455,55.14108333333335,,,,,,,,,,,,,,,,,,,,,,,,,,
75.71530833333331,82.15594833333333,96.23693999999999,89.44183833333334,87.85596166666666,92.30725833333334,92.00792,87.20345166666667,88.26634166666666,84.74122833333335,93.73862000000001,91.68606999999999,90.41401833333335,88.56347833333332,78.90733,10.498316666666664,65.730195,60.086030000000015,58.26507666666667,57.04167000000001,128.31232666666668,127.05436499999999,127.72398166666666,125.851175,125.16792666666663,130.11566833333333,127.92600500000003,125.97339999999998,122.960305,120.27511166666663,130.06876166666663,128.7474433333333,129.11500333333336,127.13995,125.713715,130.74792000000002,127.44297999999998,125.54123999999999,124.3342516666667,123.76374333333331,62.855926666666676,62.37835500000001,61.133295,59.76531499999999,58.807044999999995,61.24741333333333,60.25878333333332,60.20799499999998,58.75697166666667,57.14200666666666,62.90855666666668,61.46066666666667,61.08027166666667,59.08309500000001,52.801173333333345,,,,,,,,,,,,,,,,,,,,,,,,,
74.80229166666668,80.49816833333331,93.30517499999999,87.33155833333335,86.17811333333334,89.39165666666665,90.24147833333335,88.09568999999999,86.63088833333332,82.88868333333333,91.78120499999999,90.04830833333332,88.70765,86.93849666666668,80.41961666666666,70.25613666666666,8.969058333333333,59.820646666666676,57.448543333333355,56.502236666666676,127.27936666666666,125.95310166666667,126.5259083333333,124.89648666666668,124.61972499999999,129.16699666666668,127.65577,124.42588500000001,122.53404833333332,119.35280000000002,129.10202999999998,127.94631333333334,127.949215,126.01502499999998,124.74310499999997,129.74446000000003,126.56978999999997,124.74539,123.51282000000002,123.22119833333333,62.318111666666674,61.58799166666666,60.20673666666668,58.82800666666666,57.588786666666664,60.96239500000001,59.60943333333334,59.51462333333333,58.257891666666666,56.683933333333336,62.34416166666665,60.74376666666666,60.153161666666676,58.33396166666665,57.838233333333335,55.88290166666668,,,,,,,,,,,,,,,,,,,,,,,,
72.40652333333334,78.68755166666668,90.28749666666667,86.46561166666666,84.45362166666666,90.43167999999997,89.01425166666667,86.89074000000001,85.21254166666667,80.91939500000001,90.45827166666668,88.57459166666666,87.55803333333333,85.53865166666665,80.47472166666667,71.181085,61.298883333333336,8.37505,56.329220000000014,54.23394833333332,126.56296500000002,125.28629500000002,125.64217833333333,124.21457666666666,123.44868666666669,128.29591833333333,126.34469333333334,123.618555,121.56522333333332,118.23626166666662,127.63608166666667,126.45856833333336,126.63974833333333,124.64675333333335,123.90211333333333,128.478925,125.34615833333332,123.45668499999998,122.719255,122.0570633333333,61.223120000000016,60.651150000000015,58.95862333333333,57.78418,56.79823500000001,61.048505000000006,60.04104333333335,58.23836000000001,56.99266499999999,55.15810833333333,61.37509333333332,59.62218166666667,59.19259333333333,57.514381666666665,57.079729999999984,60.480223333333356,53.61273333333334,,,,,,,,,,,,,,,,,,,,,,,
72.16348833333333,75.16855000000001,86.15713833333335,83.13592333333332,80.43561333333334,87.13489833333333,82.50163166666665,83.28251833333336,81.39316000000001,78.09336833333332,87.46753166666669,85.53277833333335,84.54709000000001,81.81904666666665,79.96343166666666,79.38941999999997,64.13916833333333,52.628490000000006,8.27362,53.78926499999999,124.96262499999999,123.843215,116.06372333333333,126.84759166666667,129.74131333333335,128.3240516666667,133.08637666666667,122.81448499999999,123.241925,119.65731166666664,130.79794833333335,127.36559166666666,124.79042500000001,122.68719999999999,131.6514983333333,126.53062833333337,123.00629666666667,121.60018500000001,120.73298166666665,119.8150433333333,57.31312999999998,58.96286,57.26812833333334,56.458259999999996,55.45381333333332,57.987275,58.41899,57.073065,55.45920000000001,53.79313,58.76608833333332,57.95390999999999,57.76016666666666,55.85076833333333,54.933868333333336,58.91688666666668,57.89326666666666,57.13627833333333,,,,,,,,,,,,,,,,,,,,,,
70.20036166666667,74.48302333333332,83.73616333333334,82.32322833333335,79.02412833333332,86.25257833333333,85.21146666666668,82.16502833333332,79.892715,75.653425,86.30736166666667,84.439655,83.09955166666667,80.50292000000002,79.16607333333332,80.04609333333333,64.25472,57.28147666666668,53.36232166666666,8.282388333333335,123.42552500000001,122.47704833333337,123.17028833333335,121.608175,121.19088,125.25187666666665,123.732515,121.6288233333333,119.2071483333333,115.09017166666662,124.06240500000003,124.08928166666665,123.99540666666665,122.48925166666665,121.58080333333334,125.65116666666668,122.74701833333334,121.44282500000001,120.40257,119.45931333333328,58.34392333333333,57.67727166666665,56.322651666666665,54.510234999999994,53.73886,58.09179333333332,57.281564999999986,55.285325,53.95978999999999,52.40093,58.28737666666665,56.56835833333333,56.69891,54.42780333333333,53.968025,57.65123666666668,56.69973500000001,55.66607833333333,52.83367500000001,,,,,,,,,,,,,,,,,,,,,
158.585915,226.2487383333333,224.23738666666668,222.91934333333333,222.98088166666665,222.75219500000003,153.69369,135.83091833333333,134.98399833333335,132.0140733333333,138.30940833333332,137.28761666666668,136.92749833333332,135.2513033333333,134.43125499999996,137.80518666666666,137.28727833333335,136.0164333333334,134.1403433333333,131.296495,7.7659,59.60081333333333,59.25821166666666,58.45237166666666,57.560156666666664,60.876744999999985,60.14286166666666,58.363028333333325,56.51328833333333,56.05971666666668,61.025798333333334,60.48645333333334,60.07603666666666,59.221366666666675,58.00301333333334,61.705723333333346,59.38055666666667,58.22717666666666,56.944833333333335,56.808591666666665,138.537415,137.72161666666668,136.42709166666666,135.2373333333333,134.61100999999996,138.35278166666666,137.574055,136.27991500000002,134.95605833333332,131.9868266666667,138.32881500000002,137.24252166666665,136.85852500000001,135.255605,134.48595500000002,137.95088,137.24876833333332,136.23537500000003,134.017265,129.572825,,,,,,,,,,,,,,,,,,,,
149.27434499999998,225.05910999999998,221.30021666666667,220.9253633333333,219.90214166666664,220.7773366666667,156.78189666666668,135.60626833333333,134.44563833333333,131.1904883333333,137.74438,136.46686833333334,136.03309166666665,134.830345,133.77468000000002,137.28033833333336,136.35808666666665,135.41473333333332,133.75422666666665,132.3289166666667,60.25241333333334,8.248816666666668,58.23436,57.63362833333333,57.26026333333333,60.541338333333336,59.780809999999995,58.52010333333332,56.001945,55.60603166666667,60.56489500000001,60.13752,59.77346833333334,59.16713833333331,57.71856000000001,61.528291666666675,58.74978166666668,57.974368333333345,56.69371166666665,55.97243166666667,138.129965,136.99674166666665,135.64792,134.87423666666666,134.23333333333332,137.3679183333333,136.7529233333333,135.640555,134.60850333333335,131.585545,137.59184833333333,136.63746666666665,136.16169499999998,134.8367333333333,133.909855,137.12718833333332,136.38034833333333,135.37722833333336,133.58428000000004,132.66727833333334,60.20455166666668,,,,,,,,,,,,,,,,,,,
146.0554633333333,154.942,221.834825,222.53275999999997,221.8087866666666,223.54732666666663,179.65874166666669,136.93104833333337,133.76600666666664,130.64315999999997,137.1772883333333,135.08689833333332,135.18375499999996,134.117765,133.18454333333335,136.50006833333333,136.09765833333333,135.0883916666667,129.31065666666666,132.24926333333337,59.66391166666666,58.97740833333333,7.874238333333334,57.14201500000001,56.80420166666666,60.126466666666666,59.37943333333334,57.768725,55.592206666666655,55.548771666666674,60.17926166666667,59.87948999999998,59.08993333333332,58.79815166666667,57.31485499999999,61.06195333333333,58.356231666666666,57.790756666666674,56.003773333333335,56.25611166666667,137.5900583333333,136.66376833333337,135.1465583333333,134.16276666666667,133.29627499999998,137.45614499999996,136.30069,135.07430333333335,133.82229666666672,131.254695,137.04401166666665,136.23525500000002,135.488265,134.06795333333335,132.98822833333335,136.57236333333333,136.1264633333333,134.97440666666665,132.963555,132.27452000000002,59.60747666666666,58.78332333333333,,,,,,,,,,,,,,,,,,
157.2944533333333,226.45630333333338,221.76439499999998,221.04104333333336,219.3576933333333,219.03724666666668,151.93561,133.56395166666664,132.34394333333336,130.12285833333334,136.32066500000002,134.72135333333335,134.22911166666665,132.81307166666664,131.98846666666668,135.63191500000002,128.58083999999997,133.63116000000002,131.67724166666667,130.96414333333334,59.46142333333334,58.35760833333334,58.34285499999998,7.882625000000003,55.646063333333345,59.54251,58.90133833333332,57.25245166666667,54.82805666666666,54.67732,59.670283333333344,59.27986666666666,59.248906666666684,58.16590333333333,56.665571666666665,60.69372333333333,58.19101666666668,57.127481666666654,55.80138166666668,55.76864333333334,136.649725,135.65943666666666,133.54641500000002,132.64282666666665,131.97794166666665,136.20122666666668,135.27714500000005,133.5500033333333,132.333825,130.1137733333333,136.2887016666667,134.55202500000001,134.19809166666667,132.70333000000002,131.92408500000002,135.46624166666663,134.821835,133.52912333333336,131.62893166666666,130.80924666666667,59.11148833333333,58.511194999999994,58.24982166666667,,,,,,,,,,,,,,,,,
144.06758166666665,137.78106333333335,135.52097666666666,134.43459666666666,133.7491333333333,136.01090499999998,136.9315633333333,135.55164666666667,134.22908,131.18512000000004,136.10049500000002,133.41646833333337,133.39106999999998,131.90944666666664,131.50754166666664,134.56453999999997,133.58387666666664,132.82541999999998,129.85943833333337,130.38310333333334,58.108341666666675,57.305225,56.519243333333335,55.61352166666668,7.861346666666668,58.16898833333334,57.37489833333332,55.82308166666667,53.51160666666666,53.08237,58.26927333333332,58.36,57.54913166666665,56.846248333333314,55.32518666666665,59.54078833333333,56.67360166666668,56.01841833333333,53.90714833333333,53.656261666666666,135.59926833333333,134.37327833333333,132.47734333333335,131.42348500000003,131.11240166666664,135.06899833333335,133.97954,132.44509999999997,131.45996833333334,128.80124,135.11370166666669,133.23754833333334,132.97272666666666,131.5926016666667,131.00190833333335,134.29457333333332,133.4996066666667,132.38616833333333,130.89314000000002,129.99488499999998,57.94437333333334,57.089465000000004,56.56411833333333,55.81084499999999,,,,,,,,,,,,,,,,
161.65806499999997,227.8192283333333,221.81502166666667,221.69266999999996,221.02021666666667,219.06279999999998,155.60585333333333,136.36750000000004,135.03420500000001,131.6461866666667,138.33753166666668,137.30575833333333,136.73310333333333,135.31107666666665,134.275765,137.88081,137.2057733333333,136.06838833333333,133.963165,133.10485166666666,60.86206333333334,59.71834833333332,59.77397666666668,58.92479833333332,57.85211,7.864153333333332,60.20547999999999,58.58254166666666,56.43074000000001,56.257144999999994,61.37357833333334,60.70227833333334,60.41901166666666,59.700903333333336,58.42784000000001,62.115121666666646,59.36218499999999,58.75858833333333,57.348516666666654,57.18252333333333,138.53423999999998,138.1027116666667,136.37238166666668,135.18228666666664,134.33242833333335,138.3829333333333,137.748205,136.36472,134.97867666666664,131.63468666666668,138.2280966666667,137.23531333333335,136.64719333333332,135.42129333333332,133.9806016666667,137.90985999999998,137.15044333333333,135.98539,133.98988166666666,133.0535066666667,60.76702833333334,59.68017666666667,59.64832333333333,58.863958333333336,57.82471999999999,,,,,,,,,,,,,,,
160.81425666666664,226.29774333333336,221.41231333333334,221.0051766666666,220.11151000000004,221.1814116666667,155.96171666666663,136.95291499999996,135.27906000000002,132.116765,137.91376666666665,130.70904,137.22054,135.70310333333333,134.42266166666667,138.4422066666667,137.95887833333333,136.70694833333337,134.12076666666664,133.399825,60.14232833333333,59.34208,59.060618333333316,58.13716333333334,57.19986333333333,60.672284999999995,8.003438333333332,58.24403166666666,55.994783333333324,55.78878500000001,60.58357833333335,60.237338333333334,59.77146166666665,59.13484166666665,57.713905000000004,60.41216500000001,58.90189666666665,58.18228333333334,56.66793833333331,56.52899166666665,139.21141500000002,138.35609833333336,136.5983416666667,135.57741166666668,134.84702000000001,139.0194216666667,138.1103166666667,136.86670833333332,135.25171500000002,131.99043333333333,139.01101666666668,137.8836516666667,137.38476500000004,135.72651166666665,134.21695,138.49432166666662,137.69725,136.57209333333333,134.119435,133.07849833333333,60.39573166666668,59.44502666666666,59.00523,58.284275,57.33469666666668,60.7116,,,,,,,,,,,,,,
159.33623333333335,224.75071999999994,221.845645,221.64174833333337,221.36299,215.164765,150.63998666666663,134.37099166666667,132.88449333333332,130.44170333333332,136.64546833333335,135.50872666666666,134.79367166666665,133.39981999999995,131.51307499999996,135.71941333333334,135.50959833333334,134.4401333333333,132.31664666666666,131.47953166666667,58.78344666666666,58.06262666666666,57.83355333333332,56.935055000000006,55.715855,59.17951333333335,58.588198333333324,7.983746666666664,54.57018000000001,54.031663333333334,59.49162166666667,59.08557833333334,58.54684666666667,57.47242333333333,55.92863500000001,60.059355,57.819151666666656,56.722113333333326,54.858174999999996,54.34710666666666,135.99528333333336,136.05024333333336,134.46052499999996,133.38706666666664,132.72835166666667,136.69132166666665,135.82004500000002,134.32334833333334,132.98412333333334,130.43215166666664,136.62759833333334,135.34219666666664,134.84810500000003,133.36413166666665,132.34911666666667,136.08420666666666,135.57322166666668,134.27642333333336,132.65702166666665,132.5362533333333,59.31371333333335,57.73178333333335,50.570181666666656,56.13970833333333,55.623693333333335,59.63310500000002,58.51883166666668,,,,,,,,,,,,,
155.48723666666663,225.07159499999995,221.23604333333333,220.18743500000002,218.77463666666662,221.01458666666673,152.016495,131.5292733333333,130.39900333333333,127.46965000000002,133.66114833333336,132.13830666666664,131.91623166666668,130.67142666666666,129.4924783333333,133.36715500000003,132.01883333333333,131.30797499999997,129.82645,128.73871,56.958400000000005,55.52372166666665,55.03270333333334,54.11585499999999,53.16624666666668,56.863093333333346,55.92474833333335,54.471941666666666,8.058443333333333,51.933655,56.87014666666666,56.59986333333333,55.99276333333333,55.366171666666666,53.61316333333333,57.76764666666666,54.66117333333333,54.21792,52.702846666666666,52.64463666666666,133.94656833333335,132.9347966666666,130.65616666666668,130.6081133333333,130.13190166666666,126.36585499999998,132.47543166666668,131.38190666666668,130.44952500000002,127.63137166666667,133.74125,131.98546166666668,131.90639166666665,130.6819866666667,129.83631000000003,132.7239766666667,132.2883733333333,131.39466333333334,130.11461333333332,128.91206333333332,57.51978666666667,56.59126000000001,55.60358833333333,54.68033666666666,53.953039999999994,57.644088333333336,56.26615833333333,54.79672000000001,,,,,,,,,,,,
149.41649833333332,219.23616833333338,217.95573833333336,215.97380499999997,212.32228666666668,219.94333666666668,162.37673833333338,133.36886833333335,132.1602616666667,129.9478816666667,135.011125,131.17438666666672,133.45666333333335,132.44510833333334,131.58556166666668,134.2677,133.22560499999997,132.75131666666667,131.57923499999998,130.82806,55.98728666666666,55.059575,54.636641666666655,53.76800666666667,52.671456666666664,56.379555,55.40879666666667,53.75409166666667,51.899011666666674,7.863996666666665,56.28434333333335,55.72636833333334,55.50516333333334,54.65493333333333,53.10472833333333,57.240826666666656,54.987434999999984,53.831781666666664,52.41393333333334,52.277536666666656,135.13195,134.36903666666666,133.17746333333332,132.49711166666668,131.98663500000004,133.91224,133.91135833333334,133.02139333333332,132.07469666666665,129.9833466666667,134.82353166666667,133.4450883333334,133.45072833333333,132.40837,131.57505833333332,134.257855,133.47051333333334,132.81205500000002,131.6817933333333,130.84584,56.164335000000015,54.992913333333334,54.78391666666666,53.916196666666664,52.83859999999999,56.91961499999998,55.85443333333334,53.999525,52.26167833333334,,,,,,,,,,,
163.84866999999997,226.61058000000008,222.17646,222.0814983333334,221.41799666666668,219.11913833333335,153.021405,136.52804166666664,135.22081500000002,132.223725,138.28109833333332,137.4672233333333,136.70408,135.48897499999998,134.59197666666668,137.95387333333335,137.16090166666666,136.32183,134.16743666666667,132.73397333333335,60.493943333333334,59.591835,59.32306333333334,58.583431666666655,58.13904666666665,61.25381666666666,60.50208166666667,58.56866499999999,56.525851666666654,56.26012499999998,8.084174999999998,60.44277166666666,60.61731833333333,59.558003333333325,58.250228333333325,62.59607833333334,59.70108666666668,58.632376666666666,57.33306333333334,57.018258333333335,138.55101666666667,137.91546833333334,136.40823666666668,135.65108166666667,134.577965,138.29843333333332,137.56469499999997,136.52761500000003,135.11341000000002,132.287025,138.32240166666665,137.500055,136.95458166666666,135.45400999999998,134.427155,137.95287166666665,137.2639683333333,136.324475,134.36524500000002,133.4904166666667,60.73663666666667,59.47734333333332,59.62969666666667,58.75819666666668,57.979604999999985,61.78553833333334,60.53927833333333,58.44426666666668,56.58648,56.63798333333334,,,,,,,,,,
159.20147166666666,225.7402066666667,221.79600833333336,221.38398,219.83599666666666,216.003005,152.710475,137.15573833333332,135.7994,132.3916066666667,137.96514500000004,137.95077333333336,137.39065333333332,136.1259366666667,134.6842683333333,138.44990833333333,137.7707016666667,136.85487166666667,134.44705833333336,133.73286166666668,60.579623333333345,59.60852833333334,59.09868166666666,58.389255,57.605068333333314,61.022593333333326,60.08164666666665,58.27035666666666,56.53070833333333,56.033423333333324,61.02453833333333,7.952946666666668,59.895389999999985,59.222939999999994,58.00852666666667,61.75232166666666,59.017978333333325,58.45597666666666,56.24000333333335,56.61460333333333,138.9534733333333,138.33426833333334,136.95386833333333,135.916295,135.19511833333334,138.9823266666667,138.27498666666668,137.0360866666667,135.8822266666667,132.39744000000002,138.9893583333333,137.7822166666667,137.42462000000003,136.15421333333333,134.71738499999998,138.55447333333333,137.93673833333332,136.80709,134.35202833333332,133.62236333333334,60.696496666666654,59.76758499999999,59.305025,58.74787166666666,58.13119666666668,61.40529333333335,60.21088666666667,58.50764833333334,56.620025,56.33817833333333,61.08244333333334,,,,,,,,,
159.58809500000004,225.600525,223.61342000000005,223.27145666666658,222.230095,226.15203666666673,167.46076833333336,136.66649999999998,135.32888666666668,132.2773883333333,138.9417766666667,137.29110333333333,137.32376166666666,135.47530500000002,134.4302133333333,138.9943033333333,138.18534499999998,136.60275833333333,134.06663,134.12565000000004,60.59202,52.721396666666664,58.303076666666676,56.617023333333336,57.59453666666667,60.91444833333333,60.32312833333334,58.66731333333335,53.05578,56.624608333333335,61.09163666666666,60.848928333333326,8.605579999999998,59.64411666666667,58.24196999999999,61.19658333333334,56.61218333333333,56.813958333333346,56.372369999999975,53.76546666666667,133.40883999999997,132.86318000000003,132.33014999999997,133.073335,133.90188500000002,137.95973499999994,137.38871666666665,135.91478333333336,134.90266166666666,131.91122,138.12394,136.91953,136.59967000000003,135.23957666666666,134.25875,137.73088499999994,136.9734866666667,135.9184766666667,133.92452999999998,133.57268333333334,60.42023499999999,59.49839,59.56804333333332,58.508393333333345,57.71753833333334,61.41063833333334,60.397535,58.5266,56.34994166666667,56.29297833333334,60.902241666666654,55.180675,,,,,,,,
161.11012833333336,226.5147616666667,223.31991000000005,222.51535833333332,221.7720616666667,225.21480166666666,164.184035,135.13488999999998,133.27786333333327,130.43877,136.94196999999997,135.40466333333336,135.65163666666666,133.45923166666665,132.55042333333333,136.2533533333333,135.66815166666663,134.41351333333333,132.14642000000003,130.79753166666663,59.57887499999998,58.761645,58.74860166666665,58.25115833333332,56.837236666666676,60.365843333333345,59.42036833333334,57.74517,55.635638333333326,55.734926666666674,60.276045,60.08941166666666,54.02484833333334,8.012876666666665,57.11748833333333,59.04344499999999,58.63449499999999,57.817951666666666,56.06934166666666,55.99290833333331,137.47070166666666,136.59789499999997,134.64309833333334,133.3365366666667,132.95149,136.99811,136.1187283333333,134.55298,133.12589333333338,130.56266666666662,137.08251333333337,135.54753166666669,135.11340166666668,133.59221333333332,132.87141666666665,136.92031166666666,136.02623666666668,135.29007333333334,132.36925500000004,131.65455333333333,59.81180666666667,58.77768833333333,58.76608166666667,58.000438333333335,56.84240166666667,60.22118833333332,59.55541833333334,57.86728166666666,55.438815,55.46647333333334,60.65015666666666,59.753009999999996,53.87895833333334,,,,,,,
157.00980333333334,226.3209183333334,224.1389933333333,222.5653083333333,223.18271666666664,220.28370333333334,150.84187333333335,134.01957833333333,132.9313733333333,130.22287333333333,136.4549366666667,134.85847166666667,134.4608,133.1222833333333,132.32560166666667,135.81107999999998,135.0042066666667,133.99597500000002,132.218315,131.37071166666664,54.662185,57.67624333333333,57.04648333333332,56.20483166666668,55.46144666666667,59.17358333333333,58.118044999999995,56.25057666666666,53.817458333333335,54.37942499999999,59.15582333333333,59.080846666666645,58.194120000000005,57.502734999999994,8.144311666666665,59.34068666666665,56.23500500000001,56.50029166666667,54.698523333333334,54.003565,136.87474833333334,135.848525,134.11091166666668,132.987845,132.45864,136.64891666666668,135.62647333333328,133.9449383333333,132.91614666666666,130.26506833333335,136.557025,134.94907833333335,134.5000116666667,133.0937,132.45815166666662,135.93285166666666,135.05885,133.98735166666668,132.19239333333337,131.420285,58.58952333333332,57.62492000000001,57.751565,56.30969166666667,55.17052833333334,59.54511333333333,57.90018833333333,56.563833333333335,54.060226666666665,53.64331166666667,59.08301666666667,59.07528666666664,58.266041666666666,51.691808333333334,,,,,,
166.72766,228.96368833333335,225.08397166666666,223.8594733333333,223.05386166666668,225.9157266666667,159.47341666666665,136.96695,134.8816416666667,132.46201,138.49824333333333,137.69373833333333,137.173305,135.98414333333332,134.62536166666666,138.05038,137.3960033333333,136.35615666666664,134.52612166666665,133.72509333333332,61.381004999999995,60.55821666666667,60.31584500000002,59.81689000000001,58.64855999999998,62.15729999999999,61.32283833333332,59.22428833333334,57.23235333333334,57.249610000000004,62.15229833333335,61.573209999999996,61.39357833333334,60.55789000000001,59.27400166666666,8.275876666666669,59.89115166666665,58.26489666666666,58.60440666666668,57.67045333333333,138.69566833333334,138.14839499999997,136.8089566666667,136.04219,135.24447166666664,137.8249516666667,137.88383666666664,137.01787333333337,135.62301499999995,132.49058166666666,138.61326,137.836435,137.220295,135.93428500000002,134.910515,138.11705333333333,137.54328166666667,136.55658333333338,134.62298833333332,133.690115,61.72596666666667,60.519325000000016,60.21288333333334,59.59926166666667,58.64099000000001,61.98727833333332,61.27099499999999,59.55611000000001,57.280616666666674,57.014491666666665,61.930781666666675,62.21218666666666,61.51780666666666,60.41970833333334,53.77003,,,,,
160.36789333333337,225.87824166666667,222.15612166666662,221.6628016666667,221.24212000000006,220.3711116666667,156.72994166666663,135.75191666666666,134.64306000000002,131.86332166666665,137.86658666666668,136.761545,136.36589833333338,134.8357016666667,133.93344166666668,137.40834999999998,136.90927666666664,135.72882166666668,133.8081466666667,132.5999633333333,59.68103500000001,58.84036166666666,58.64559833333335,57.98887000000001,56.84346,59.981115,59.520205,57.804331666666656,55.15898,55.10433333333332,60.55286333333332,60.11349499999999,59.66781,58.72051166666665,57.12591333333334,61.64535833333334,8.014461666666667,57.85001833333333,55.28846833333333,55.790815000000016,138.36101,137.44884666666664,135.95014666666668,134.82229166666667,134.38320666666667,137.32563166666665,137.16719833333335,136.14318166666664,134.5623866666667,132.20682833333333,138.27802500000004,137.14826666666667,136.56804499999996,135.08698833333332,134.177755,137.39695500000002,137.07442666666668,135.95623333333333,133.700325,132.99787333333333,59.71862166666667,58.85488666666668,58.72716666666666,57.96183499999998,56.72447166666667,60.52546666666667,59.622811666666664,57.90447333333332,55.32720166666668,55.37094166666666,60.316203333333334,59.787276666666656,59.45302500000002,58.768223333333324,57.07107500000001,61.09755333333332,,,,
160.86485000000002,226.19691166666667,224.02730166666666,223.5003816666667,222.31662833333337,224.73311999999996,163.46646166666667,134.10785833333333,132.1917416666667,129.570685,135.93466000000004,134.4796016666667,134.0259583333333,132.62258000000003,131.69984166666669,135.41043833333333,134.75276833333334,133.329315,131.3929616666667,130.601885,58.772488333333335,57.78760166666667,58.067516666666684,56.993933333333324,55.80025500000001,59.51592000000001,58.71469666666667,57.22681666666666,54.81581666666668,54.40135166666666,59.892393333333345,59.035980000000016,58.80113833333334,58.122343333333326,56.62559166666666,60.217210000000016,57.51728166666666,7.878816666666666,54.896715,54.60253833333334,136.43725999999995,135.36487833333334,133.70918833333334,132.56986999999998,132.01692,136.10904499999998,135.11064166666662,133.582335,132.40450833333333,129.7519,136.01336833333332,134.56993666666668,134.17106166666667,132.66325833333337,131.8589933333333,135.71771333333334,134.82714500000003,133.55471333333332,131.7086,130.73309999999998,58.84621833333333,58.06066499999999,58.146071666666664,57.087071666666674,55.759925,59.866181666666655,58.656479999999995,56.52550166666668,54.27903166666667,54.310896666666665,59.26963166666666,59.21792833333333,58.95403333333334,58.10885833333334,56.16437333333333,60.819533333333325,52.53671666666667,,,
156.97408833333333,227.12168499999999,224.104525,223.29934333333338,221.8370966666666,225.76212999999993,161.86292999999998,133.17992833333332,131.19280833333332,128.8815066666667,134.877455,133.13715499999998,132.87178999999998,131.43631333333332,130.81562499999998,134.069205,133.19713500000003,132.29616833333336,130.64802833333331,129.840395,57.86876833333332,56.65144999999999,55.98364333333333,54.89347166666666,54.189679999999996,57.742905,57.026538333333335,54.938694999999996,53.41738,52.60295333333334,57.93307499999999,57.67185833333334,56.933005,56.537760000000006,54.80888666666666,58.63384833333335,56.10553833333333,54.83394333333334,8.132948333333333,52.85035,135.18686833333334,134.24350833333335,132.50830666666667,131.38973166666662,130.81575500000005,134.88849000000002,133.75743333333335,132.4987916666667,131.43260833333338,129.01198666666667,135.01282166666667,133.17892166666667,132.72989833333335,131.48815333333332,130.87659166666668,134.10543833333332,133.43578999999997,132.46235166666668,130.87971333333329,129.87654666666666,57.665533333333336,57.20687666666666,56.080286666666666,54.84299500000001,54.06881166666667,58.43267,57.19914333333334,55.07584,52.86296000000001,53.02414333333333,57.92397333333333,58.05148999999999,57.13746833333331,56.10717833333334,54.439,58.79917333333332,55.98457,55.024233333333335,,
154.03590000000003,221.96028333333325,219.24011,218.169115,216.84124666666665,221.24030833333333,158.6453466666667,134.51785666666672,133.24191666666667,131.06344833333333,136.43214666666665,134.84445666666667,134.29684833333332,133.40889333333334,132.84096000000002,135.74288000000004,134.82062,134.0708533333333,132.43971333333334,131.96346666666668,56.81361333333333,55.03802333333334,55.808086666666675,54.943291666666674,53.448273333333326,57.148918333333334,56.558115,54.28408666666666,52.661585,52.478475,57.534251666666655,57.125853333333325,56.78364166666666,55.88640333333333,54.49739333333332,58.61237499999999,55.75715333333332,54.810314999999996,53.27358833333332,8.132116666666667,136.74452333333338,135.94636833333334,134.1530866666667,133.54840499999997,132.9532466666667,136.19429333333332,135.4188233333333,134.18399166666669,133.100385,131.10900833333332,136.60626499999995,135.0263566666667,134.53967000000003,133.38790999999998,132.93341666666666,135.93740499999998,135.10803333333334,134.2321566666667,132.7093833333333,131.97226000000003,56.73298833333333,55.771693333333324,55.711450000000006,54.378924999999995,53.39601666666667,57.620001666666674,56.39074499999999,54.495016666666665,52.52368833333334,52.308123333333334,57.28226166666665,56.86399833333334,56.62659833333333,55.910496666666674,54.107778333333336,57.95648999999999,55.59373333333333,54.59336833333333,48.27069833333334,
